title,href
Comparison of diagnostic tests for detection of Nonstructural-1 (NS1) antigen dengue virus using immunochromatography and fluorescence immunoassay methods,https://indianjournals.com/article/rjpt-15-4-014
Prospective study to compare results of FIA (fluorescent immunoassay) test with gold standard ELISA test in Dengue NS1 patients admitted in a tertiary care hospital,https://www.sciencedirect.com/science/article/pii/S0255085723000920
Evaluation of a new rapid fluorescence immunoassay for the diagnosis of dengue and Zika virus infection,https://www.sciencedirect.com/science/article/pii/S138665321930023X
"Performance of rapid tests in the management of dengue fever imported cases in Lazio, Italy 2014-2019",https://www.sciencedirect.com/science/article/pii/S120197122030552X
A performance comparison between fluorescent immunoassay and immunochromatography for rapid dengue detection in clinical specimens,https://www.nature.com/articles/s41598-022-21581-x
Evaluating Three Rapid Tests for Dengue in Febrile Patients in a Dengue‐Endemic Area,https://onlinelibrary.wiley.com/doi/abs/10.1111/tmi.70088
A review of the performance of rapid diagnostic tests for the NS1 protein in diagnosing dengue infection. Epidemiol Public Health. 2026; 4 (1): 1088,https://jpublichealth-org.meddocsonline.org/articles/1088.pdf
Overview of dengue diagnostic limitations and potential strategies for improvement,https://www.degruyterbrill.com/document/doi/10.1515/dx-2024-0173/html?recommended=sidebar
Micro-spot with integrated pillars (MSIP) for detection of dengue virus NS1,https://link.springer.com/article/10.1007/s10544-013-9787-3
The combined antigen and antibody testing approach improved the sensitivity of early detection of dengue virus infection,https://indianjournals.com/article/rjpt-18-4-008
Novel nanoparticle based diagnostic methods and tools for detection of biomarkers in clinical samples,https://espace.library.uq.edu.au/view/UQ:689061
Correlation of NS1 Antigen and Dengue Virus Serotype with Infection Status in Dengue Patients,https://indonesianjournalofclinicalpathology.org/index.php/patologi/article/view/3078
Comparison of Anti-Dengue Antibody Diagnostic Tests Using Immunochromatography and Fluorescence Immunoassay Methods at dr. Ario Wirawan Salatiga …,https://jurnal.uns.ac.id/SMedJour/article/view/91999
Evaluation of a dengue NS1 antigen detection assay sensitivity and specificity for the diagnosis of acute dengue virus infection,https://journals.plos.org/plosntds/article?id=10.1371/journal.pntd.0003193
"A Multiplexed, Point-of-Care Detection System for Dengue",https://search.proquest.com/openview/33dddcac5d913f0f73615197187a6e29/1?pq-origsite=gscholar&cbl=51922&diss=y
A localized surface plasmon resonance-amplified immunofluorescence biosensor for ultrasensitive and rapid detection of nonstructural protein 1 of Zika virus,https://journals.plos.org/plosone/article?id=10.1371/journal.pone.0211517
Positive NS1 Antigen in Non-Dengue Virus Infection Serum: Possible Reasons for the Discrepancy with DENV PCR Results,https://repository.unar.ac.id/jspui/bitstream/123456789/8565/1/28.pdf
"COMPARATIVE EVALUATION OF ELISA, PCR, AND NS1 ANTIGEN DETECTION FOR DENGUE VIRUS DIAGNOSIS",https://scholar.archive.org/work/x2yuxlmmtzgxxe4rabruwsgy6q/access/wayback/https://insightsjhr.com/index.php/home/article/download/484/458
Detection and confirmation of dengue pre‐and postintroduction of dengue NS1‐antigen test at the University Malaya Medical Centre: An observational study,https://onlinelibrary.wiley.com/doi/abs/10.1002/jmv.26790
A rapid point-of-care test for dengue virus-1 based on a lateral flow assay with a near-infrared fluorescent dye,https://www.sciencedirect.com/science/article/pii/S0022175917304830
Dengue pre-vaccination screening test evaluation for the use of dengue vaccine in an endemic area,https://journals.plos.org/plosone/article?id=10.1371/journal.pone.0257182
"Comparative Diagnostic Value of Anti-Dengue IgG, Anti-Dengue IgM of Two Rapid Tests in Dengue Virus Infection.",https://openurl.ebsco.com/contentitem/gcd:155597791?sid=ebsco:plink:crawler-gcd&id=ebsco:gcd:155597791&crl=c&jrnl=09752366
Quantum dot-based fluoroassays for Zika,https://www.sciencedirect.com/science/chapter/edited-volume/pii/B9780128202678000273
Investigation and Demonstration for immunoassay technology based on impedance Amplifies of magnetic and dielectric microbeads,https://www.sciencedirect.com/science/article/pii/S0026265X24020113
"Inapparent dengue in a community living among dengue-positive Aedes mosquitoes and in a hospital in Klang Valley, Malaysia",https://www.sciencedirect.com/science/article/pii/S0001706X19317206
Chopped optical biosensing enables temporal background subtraction for high-sensitivity fluorescence immunoassays,https://www.sciencedirect.com/science/article/pii/S003991402600322X
Application of magnetic nanomaterials in virus detection: A mini-review,https://www.sciencedirect.com/science/article/pii/S0026265X25029133
Detection of RNA viruses from influenza and HIV to Ebola and SARS-CoV-2: a review,https://pubs.rsc.org/ay/article-abstract/13/1/34/673355
Microfluidic point-of-care diagnostics for multi-disease detection using optical techniques: A review,https://ieeexplore.ieee.org/abstract/document/10171814/
Recent advances in lab-on-paper diagnostic devices using blood samples,https://pubs.rsc.org/lc/article-abstract/21/8/1433/689164
Synthesis and characterization of methacrylic microspheres for biomolecular recognition: Ultrasensitive biosensor for dengue virus detection,https://www.sciencedirect.com/science/article/pii/S0014305714002869
Microsphere integrated microfluidic disk: synergy of two techniques for rapid and ultrasensitive dengue detection,https://www.nature.com/articles/srep16485
Diagnosis of infectious diseases: complexity to convenience,https://pubs.rsc.org/sd/article-abstract/3/3/354/828433
Enzyme-linked immunosorbent assay (ELISA): from A to Z,https://link.springer.com/content/pdf/10.1007/978-981-10-6766-2.pdf
Neutrophil extracellular traps contribute to the disease severity of dengue virus infection,https://pmc.ncbi.nlm.nih.gov/articles/PMC11752674/
"Co-infections of malaria and dengue in Timika, a highly endemic malaria area in Central Papua, Indonesia",https://journals.plos.org/plosone/article?id=10.1371/journal.pone.0345164
"Arbo-Score: a rapid score for early identification of patients with imported arbovirosis caused by Dengue, Chikungunya and Zika virus",https://www.mdpi.com/2076-2607/8/11/1731
Recent advances in lateral flow assays for viral protein detection with nanomaterial-based optical sensors,https://www.mdpi.com/2079-6374/14/4/197
Surface modification for improving immunoassay sensitivity,https://pubs.rsc.org/lc/article-abstract/23/5/1151/771071
"Recent Trends of Dengue Virus Infection in Dhaka, Bangladesh",https://banglajol.info/index.php/SJM/article/view/63343
"Molecular detection and epidemiological characterization of dengue and malaria coinfection in the Guiriko region, Burkina Faso",https://www.sciencedirect.com/science/article/pii/S0001706X26001014
Development of New Assays for Epstein–Barr and Porcine Epidemic Diarrhea Viruses,https://journals.sagepub.com/doi/abs/10.1089/vim.2015.1504
Early diagnosis of experimental Trichinella spiralis infection by nano-based enzyme-linked immunosorbent assay (nano-based ELISA),https://www.sciencedirect.com/science/article/pii/S0014489419304424
Comparative evaluation of select serological assays for Zika virus using blinded reference panels,https://www.mdpi.com/1999-4915/16/7/1075
Nanotechnology-based analytical approaches for detection of viruses,https://pubs.rsc.org/ay/article-abstract/9/16/2375/553315
Nanotechnological strategy for the diagnosis of infectious diseases: recent developments and opportunities,https://onlinelibrary.wiley.com/doi/abs/10.1002/9781394175222.ch7
Mapping the global landscape of chikungunya rapid diagnostic tests: A scoping review,https://journals.plos.org/plosntds/article?id=10.1371/journal.pntd.0010067
Advanced nanomaterials for preparedness against (Re‐) emerging viral diseases,https://advanced.onlinelibrary.wiley.com/doi/abs/10.1002/adma.202005927
Development of immunochromatographic and homogeneous assay based on quantum dot-functionalized polystyrene nanoprobes for the qualitative and quantitative …,https://www.sciencedirect.com/science/article/pii/S095656632400722X
Nanobodies: A promising toolkit for diagnostic applications,https://onlinelibrary.wiley.com/doi/abs/10.1002/smm2.70088
"Monoplex and multiplex immunoassays: approval, advancements, and alternatives",https://link.springer.com/article/10.1007/S00580-021-03302-4
"Application of centrifugal microfluidics in immunoassay, biochemical analysis and molecular diagnosis",https://pubs.rsc.org/an/article-abstract/146/19/5800/714494
"Commercial point-of-care devices for Sepsis diagnosis: A scoping review of technologies, diagnostic targets, and clinical evidence",https://www.sciencedirect.com/science/article/pii/S2214180426000759
Unveiling the underpinnings of various non-conventional ELISA variants: A review article,https://www.tandfonline.com/doi/abs/10.1080/14737159.2022.2117615
Nanomaterial and interface advances in immunoassay biosensors,https://pubs.acs.org/jpccck/article/126/42/17804/503044
Testing viral infections,https://www.sciencedirect.com/science/article/pii/B9780323918145000039
Lateral flow assays and their role in healthcare,https://www.sciencedirect.com/science/chapter/edited-volume/pii/B9780443331565000051
Culture-independent diagnostics for health security,https://journals.sagepub.com/doi/abs/10.1089/hs.2015.0074
Advances in rapid point-of-care virus testing,https://pubs.rsc.org/an/article-abstract/149/9/2507/836296
Emerging point-of-care optical biosensing technologies for diagnostics of microbial infections,https://pubs.acs.org/doi/abs/10.1021/acsaom.3c00129
Ultrasensitive photothermal/fluorescent paper-based microfluidic immunosensor for nuclear matrix protein 22 quantification in human urine samples for rapid …,https://www.sciencedirect.com/science/article/pii/S0925400526004922
Performance of procalcitonin point-of-care tests in predicting bacterial causes of acute febrile illness in Northwest Ethiopia,https://link.springer.com/article/10.1186/s12879-025-12007-w
Immunoassay quantification using surface-enhanced fluorescence (SEF) tags,https://pubs.rsc.org/an/article-abstract/142/15/2717/552814
An outbreak of human parvovirus B19 hidden by dengue fever,https://academic.oup.com/cid/article-abstract/68/5/810/5126385
Serology as a tool to assess infectious disease landscapes and guide public health policy,https://www.mdpi.com/2076-0817/11/7/732
Mosquito-borne arboviruses occurrence and distribution in the last three decades in Central Africa: a systematic literature review,https://www.mdpi.com/2076-2607/12/1/4
Next-generation biosensing platforms: critical analysis of nanomaterial-enabled strategies and clinical translation,https://link.springer.com/article/10.1186/s44510-026-00002-7
"Step by step with ELISA: Mechanism of operation, crucial elements, different protocols, and insights on immobilization and detection of various biomolecular entities",https://link.springer.com/chapter/10.1007/978-981-10-6766-2_3
Virus detection: from state‐of‐the‐art laboratories to smartphone‐based point‐of‐care testing,https://advanced.onlinelibrary.wiley.com/doi/abs/10.1002/advs.202105904
"Luminescent lanthanide nanoparticles for ultrasensitive enzyme-linked immunosorbent assay"" ELISA""",https://theses.hal.science/tel-04398163/
"Rapid detection strategies for the global threat of Zika virus: current state, new hypotheses, and limitations",https://www.frontiersin.org/journals/microbiology/articles/10.3389/fmicb.2016.01685/full
Development of a Fluorescent Rapid Test Sensing System for Influenza Virus,https://www.mdpi.com/2072-666X/16/6/635
Advancing access to diagnostic tools essential for universal health coverage and antimicrobial resistance prevention: an overview of trials in Sub-Saharan Africa,https://academic.oup.com/cid/article-abstract/77/Supplement_2/S125/7231001
Sensitive and quantitative biosensing technique based on NV centres-doped nanodiamonds applied to lateral flow assays,https://www.nature.com/articles/s41598-026-37454-6
Application of microfluidics in immunoassay: Recent advancements,https://onlinelibrary.wiley.com/doi/abs/10.1155/2021/2959843
Laboratory diagnosis of virus diseases,https://pmc.ncbi.nlm.nih.gov/articles/PMC7149825/
Plasmonic molecular assays: Recent advances and applications for mobile health,https://link.springer.com/article/10.1007/s12274-018-2094-9
Identification of a highly conserved epitope on avian influenza virus non-structural protein 1 using a peptide microarray,https://journals.plos.org/plosone/article?id=10.1371/journal.pone.0149868
A fluorometric clenbuterol immunoassay using sulfur and nitrogen doped carbon quantum dots,https://link.springer.com/article/10.1007/s00604-019-3431-8
Plasmonic nanomaterials for colorimetric biosensing: a review,https://www.mdpi.com/2227-9040/10/4/136
Quantum spin detection in microfiltration immunoassays for ultrasensitive and high-throughput diagnostics,https://pmc.ncbi.nlm.nih.gov/articles/PMC12921671/
Recent innovations in cost-effective polymer and paper hybrid microfluidic devices,https://pubs.rsc.org/lc/article-abstract/21/14/2658/730644
Optically Active Nanomaterials for Point-of-Care Diagnosis in Healthcare,https://link.springer.com/chapter/10.1007/978-981-99-3025-8_5
Optical diagnostic based on functionalized gold nanoparticles,https://www.mdpi.com/1422-0067/20/18/4346
"Clinic viral diagnostics, viral vaccines, and advanced immunology",https://www.sciencedirect.com/science/article/pii/B9780443152412000077
Salivary Diagnosis of Infectious Diseases,https://link.springer.com/chapter/10.1007/978-3-030-37681-9_11
Rapid Detection Strategies for the,https://books.google.com/books?hl=en&lr=&id=kbZVDwAAQBAJ&oi=fnd&pg=PA168&dq=dengue+NS1+%22fluorescence+immunoassay%22+OR+%22STANDARD+F%22+OR+%22QUANTI+CARD%22+ELISA+sensitivity&ots=cLuDBQlzxY&sig=lKAF828gZegWHI5cN4u8RM8yoQs
Development of a Microsphere-based Immunoassay for the Detection of IgM Antibodies to West Nile Virus and St. Louis Encephalitis Virus in Sentinel Chicken Sera,https://digitalcommons.usf.edu/etd/2543/
Biosensors for detecting viral and bacterial infections using host biomarkers: a review,https://pubs.rsc.org/an/article-abstract/145/24/7825/672283
Rapid detection of antibodies in skin interstitial fluid via fluorescent testing using antigen-modified porous microneedles,https://www.sciencedirect.com/science/article/pii/S0927775724008483
Immunological detection and characterization,https://link.springer.com/chapter/10.1007/978-1-4899-7448-8_3
Hybrid impedimetric biosensors for express protein markers detection,https://www.mdpi.com/2072-666X/15/2/181
Paula Ciáurriz Gortari,https://academica-e.unavarra.es/server/api/core/bitstreams/1a99cb23-a61f-4007-8f28-5638c86fdb09/content
Molecularly imprinted polymer-based sensors: A way-forward concept for artificial antibodies,https://www.sciencedirect.com/science/chapter/edited-volume/pii/B9780128238295000063
"Comparison of MIP-, Antibody-and aptamer-based biosensors for diagnostic technologies",https://link.springer.com/chapter/10.1007/978-3-031-67368-9_3
Fundamentals of surface-enhanced Raman spectroscopy in diagnostics,https://iopscience.iop.org/book/edit/978-0-7503-5920-7/chapter/bk978-0-7503-5920-7ch1
Development of innovative Q-LAMP assay for direct detection and amplification of influenza A/B and RSV genomes,https://boa.unimib.it/handle/10281/301792
Immunologic Detection and Characterization,https://link.springer.com/content/pdf/10.1007/978-1-4939-9544-8_3-1.pdf
Molecular Imprinted Polymers for Biomedical Applications,https://books.rsc.org/books/edited-volume/1058/chapter/876391
Over-interpretation of findings in diagnostic accuracy studies of infectious diseases,https://www.sciencedirect.com/science/article/pii/S1198743X23001209
